"","network","time","bhs","modularity","avg_module_size","clustering","density","avg_path_length","network_size","chosenu","t1s_r_1","t1s_r_2","r_bhs","type"
"1","weaver_social_projection_bipartite_unweighted_19","279",0.31056278775838,0.425207756232687,0.5,0.634615384615385,0.243589743589744,2.62820512820513,13,0.379845278924327,"145, 211, 275, 318, 323, 260, 302, 292, 185, 235, 172, 74, 405, 339, 144, 176, 272, 219, 290, 202, 286, 263, 213, 327, 274, 212, 212, 313, 233, 407, 258, 115, 276, 321, 247, 269, 283, 275, 154, 288, 213, 144, 291, 359, 121, 327, 265, 286, 376, 281","192, 57, 187, 342, 335, 81, 276, 343, 312, 372, 335, 142, 161, 59, 151, 596, 79, 299, 94, 29, 348, 60, 387, 114, 507, 82, 165, 93, 206, 79, 96, 414, 80, 285, 490, 798, 185, 136, 172, 515, 248, 38, 371, 234, 98, 1055, 308, 81, 364, 45",0.219972232526508,"infection"
"2","weaver_social_projection_bipartite_unweighted_19","425",0.31056278775838,0.425207756232687,0.5,0.634615384615385,0.243589743589744,2.62820512820513,13,0.379845278924327,"145, 211, 275, 318, 323, 260, 302, 292, 185, 235, 172, 74, 405, 339, 144, 176, 272, 219, 290, 202, 286, 263, 213, 327, 274, 212, 212, 313, 233, 407, 258, 115, 276, 321, 247, 269, 283, 275, 154, 288, 213, 144, 291, 359, 121, 327, 265, 286, 376, 281","192, 57, 187, 342, 335, 81, 276, 343, 312, 372, 335, 142, 161, 59, 151, 596, 79, 299, 94, 29, 348, 60, 387, 114, 507, 82, 165, 93, 206, 79, 96, 414, 80, 285, 490, 798, 185, 136, 172, 515, 248, 38, 371, 234, 98, 1055, 308, 81, 364, 45",0.219972232526508,"infection"
"3","weaver_social_projection_bipartite_unweighted_19","760",0.31056278775838,0.425207756232687,0.5,0.634615384615385,0.243589743589744,2.62820512820513,13,0.379845278924327,"145, 211, 275, 318, 323, 260, 302, 292, 185, 235, 172, 74, 405, 339, 144, 176, 272, 219, 290, 202, 286, 263, 213, 327, 274, 212, 212, 313, 233, 407, 258, 115, 276, 321, 247, 269, 283, 275, 154, 288, 213, 144, 291, 359, 121, 327, 265, 286, 376, 281","192, 57, 187, 342, 335, 81, 276, 343, 312, 372, 335, 142, 161, 59, 151, 596, 79, 299, 94, 29, 348, 60, 387, 114, 507, 82, 165, 93, 206, 79, 96, 414, 80, 285, 490, 798, 185, 136, 172, 515, 248, 38, 371, 234, 98, 1055, 308, 81, 364, 45",0.219972232526508,"infection"
"4","weaver_social_projection_bipartite_unweighted_19","880",0.31056278775838,0.425207756232687,0.5,0.634615384615385,0.243589743589744,2.62820512820513,13,0.379845278924327,"145, 211, 275, 318, 323, 260, 302, 292, 185, 235, 172, 74, 405, 339, 144, 176, 272, 219, 290, 202, 286, 263, 213, 327, 274, 212, 212, 313, 233, 407, 258, 115, 276, 321, 247, 269, 283, 275, 154, 288, 213, 144, 291, 359, 121, 327, 265, 286, 376, 281","192, 57, 187, 342, 335, 81, 276, 343, 312, 372, 335, 142, 161, 59, 151, 596, 79, 299, 94, 29, 348, 60, 387, 114, 507, 82, 165, 93, 206, 79, 96, 414, 80, 285, 490, 798, 185, 136, 172, 515, 248, 38, 371, 234, 98, 1055, 308, 81, 364, 45",0.219972232526508,"infection"
"5","weaver_social_projection_bipartite_unweighted_19","482",0.31056278775838,0.425207756232687,0.5,0.634615384615385,0.243589743589744,2.62820512820513,13,0.379845278924327,"145, 211, 275, 318, 323, 260, 302, 292, 185, 235, 172, 74, 405, 339, 144, 176, 272, 219, 290, 202, 286, 263, 213, 327, 274, 212, 212, 313, 233, 407, 258, 115, 276, 321, 247, 269, 283, 275, 154, 288, 213, 144, 291, 359, 121, 327, 265, 286, 376, 281","192, 57, 187, 342, 335, 81, 276, 343, 312, 372, 335, 142, 161, 59, 151, 596, 79, 299, 94, 29, 348, 60, 387, 114, 507, 82, 165, 93, 206, 79, 96, 414, 80, 285, 490, 798, 185, 136, 172, 515, 248, 38, 371, 234, 98, 1055, 308, 81, 364, 45",0.219972232526508,"infection"
"6","weaver_social_projection_bipartite_unweighted_19","182",0.31056278775838,0.425207756232687,0.5,0.634615384615385,0.243589743589744,2.62820512820513,13,0.379845278924327,"145, 211, 275, 318, 323, 260, 302, 292, 185, 235, 172, 74, 405, 339, 144, 176, 272, 219, 290, 202, 286, 263, 213, 327, 274, 212, 212, 313, 233, 407, 258, 115, 276, 321, 247, 269, 283, 275, 154, 288, 213, 144, 291, 359, 121, 327, 265, 286, 376, 281","192, 57, 187, 342, 335, 81, 276, 343, 312, 372, 335, 142, 161, 59, 151, 596, 79, 299, 94, 29, 348, 60, 387, 114, 507, 82, 165, 93, 206, 79, 96, 414, 80, 285, 490, 798, 185, 136, 172, 515, 248, 38, 371, 234, 98, 1055, 308, 81, 364, 45",0.219972232526508,"infection"
"7","weaver_social_projection_bipartite_unweighted_19","876",0.31056278775838,0.425207756232687,0.5,0.634615384615385,0.243589743589744,2.62820512820513,13,0.379845278924327,"145, 211, 275, 318, 323, 260, 302, 292, 185, 235, 172, 74, 405, 339, 144, 176, 272, 219, 290, 202, 286, 263, 213, 327, 274, 212, 212, 313, 233, 407, 258, 115, 276, 321, 247, 269, 283, 275, 154, 288, 213, 144, 291, 359, 121, 327, 265, 286, 376, 281","192, 57, 187, 342, 335, 81, 276, 343, 312, 372, 335, 142, 161, 59, 151, 596, 79, 299, 94, 29, 348, 60, 387, 114, 507, 82, 165, 93, 206, 79, 96, 414, 80, 285, 490, 798, 185, 136, 172, 515, 248, 38, 371, 234, 98, 1055, 308, 81, 364, 45",0.219972232526508,"infection"
"8","weaver_social_projection_bipartite_unweighted_19","464",0.31056278775838,0.425207756232687,0.5,0.634615384615385,0.243589743589744,2.62820512820513,13,0.379845278924327,"145, 211, 275, 318, 323, 260, 302, 292, 185, 235, 172, 74, 405, 339, 144, 176, 272, 219, 290, 202, 286, 263, 213, 327, 274, 212, 212, 313, 233, 407, 258, 115, 276, 321, 247, 269, 283, 275, 154, 288, 213, 144, 291, 359, 121, 327, 265, 286, 376, 281","192, 57, 187, 342, 335, 81, 276, 343, 312, 372, 335, 142, 161, 59, 151, 596, 79, 299, 94, 29, 348, 60, 387, 114, 507, 82, 165, 93, 206, 79, 96, 414, 80, 285, 490, 798, 185, 136, 172, 515, 248, 38, 371, 234, 98, 1055, 308, 81, 364, 45",0.219972232526508,"infection"
"9","weaver_social_projection_bipartite_unweighted_19","166",0.31056278775838,0.425207756232687,0.5,0.634615384615385,0.243589743589744,2.62820512820513,13,0.379845278924327,"145, 211, 275, 318, 323, 260, 302, 292, 185, 235, 172, 74, 405, 339, 144, 176, 272, 219, 290, 202, 286, 263, 213, 327, 274, 212, 212, 313, 233, 407, 258, 115, 276, 321, 247, 269, 283, 275, 154, 288, 213, 144, 291, 359, 121, 327, 265, 286, 376, 281","192, 57, 187, 342, 335, 81, 276, 343, 312, 372, 335, 142, 161, 59, 151, 596, 79, 299, 94, 29, 348, 60, 387, 114, 507, 82, 165, 93, 206, 79, 96, 414, 80, 285, 490, 798, 185, 136, 172, 515, 248, 38, 371, 234, 98, 1055, 308, 81, 364, 45",0.219972232526508,"infection"
"10","weaver_social_projection_bipartite_unweighted_19","225",0.31056278775838,0.425207756232687,0.5,0.634615384615385,0.243589743589744,2.62820512820513,13,0.379845278924327,"145, 211, 275, 318, 323, 260, 302, 292, 185, 235, 172, 74, 405, 339, 144, 176, 272, 219, 290, 202, 286, 263, 213, 327, 274, 212, 212, 313, 233, 407, 258, 115, 276, 321, 247, 269, 283, 275, 154, 288, 213, 144, 291, 359, 121, 327, 265, 286, 376, 281","192, 57, 187, 342, 335, 81, 276, 343, 312, 372, 335, 142, 161, 59, 151, 596, 79, 299, 94, 29, 348, 60, 387, 114, 507, 82, 165, 93, 206, 79, 96, 414, 80, 285, 490, 798, 185, 136, 172, 515, 248, 38, 371, 234, 98, 1055, 308, 81, 364, 45",0.219972232526508,"infection"
"11","weaver_social_projection_bipartite_unweighted_19","186",0.31056278775838,0.425207756232687,0.5,0.634615384615385,0.243589743589744,2.62820512820513,13,0.379845278924327,"145, 211, 275, 318, 323, 260, 302, 292, 185, 235, 172, 74, 405, 339, 144, 176, 272, 219, 290, 202, 286, 263, 213, 327, 274, 212, 212, 313, 233, 407, 258, 115, 276, 321, 247, 269, 283, 275, 154, 288, 213, 144, 291, 359, 121, 327, 265, 286, 376, 281","192, 57, 187, 342, 335, 81, 276, 343, 312, 372, 335, 142, 161, 59, 151, 596, 79, 299, 94, 29, 348, 60, 387, 114, 507, 82, 165, 93, 206, 79, 96, 414, 80, 285, 490, 798, 185, 136, 172, 515, 248, 38, 371, 234, 98, 1055, 308, 81, 364, 45",0.219972232526508,"infection"
"12","weaver_social_projection_bipartite_unweighted_19","362",0.31056278775838,0.425207756232687,0.5,0.634615384615385,0.243589743589744,2.62820512820513,13,0.379845278924327,"145, 211, 275, 318, 323, 260, 302, 292, 185, 235, 172, 74, 405, 339, 144, 176, 272, 219, 290, 202, 286, 263, 213, 327, 274, 212, 212, 313, 233, 407, 258, 115, 276, 321, 247, 269, 283, 275, 154, 288, 213, 144, 291, 359, 121, 327, 265, 286, 376, 281","192, 57, 187, 342, 335, 81, 276, 343, 312, 372, 335, 142, 161, 59, 151, 596, 79, 299, 94, 29, 348, 60, 387, 114, 507, 82, 165, 93, 206, 79, 96, 414, 80, 285, 490, 798, 185, 136, 172, 515, 248, 38, 371, 234, 98, 1055, 308, 81, 364, 45",0.219972232526508,"infection"
"13","weaver_social_projection_bipartite_unweighted_19","263",0.31056278775838,0.425207756232687,0.5,0.634615384615385,0.243589743589744,2.62820512820513,13,0.379845278924327,"145, 211, 275, 318, 323, 260, 302, 292, 185, 235, 172, 74, 405, 339, 144, 176, 272, 219, 290, 202, 286, 263, 213, 327, 274, 212, 212, 313, 233, 407, 258, 115, 276, 321, 247, 269, 283, 275, 154, 288, 213, 144, 291, 359, 121, 327, 265, 286, 376, 281","192, 57, 187, 342, 335, 81, 276, 343, 312, 372, 335, 142, 161, 59, 151, 596, 79, 299, 94, 29, 348, 60, 387, 114, 507, 82, 165, 93, 206, 79, 96, 414, 80, 285, 490, 798, 185, 136, 172, 515, 248, 38, 371, 234, 98, 1055, 308, 81, 364, 45",0.219972232526508,"infection"
"14","weaver_social_projection_bipartite_unweighted_19","583",0.31056278775838,0.425207756232687,0.5,0.634615384615385,0.243589743589744,2.62820512820513,13,0.379845278924327,"145, 211, 275, 318, 323, 260, 302, 292, 185, 235, 172, 74, 405, 339, 144, 176, 272, 219, 290, 202, 286, 263, 213, 327, 274, 212, 212, 313, 233, 407, 258, 115, 276, 321, 247, 269, 283, 275, 154, 288, 213, 144, 291, 359, 121, 327, 265, 286, 376, 281","192, 57, 187, 342, 335, 81, 276, 343, 312, 372, 335, 142, 161, 59, 151, 596, 79, 299, 94, 29, 348, 60, 387, 114, 507, 82, 165, 93, 206, 79, 96, 414, 80, 285, 490, 798, 185, 136, 172, 515, 248, 38, 371, 234, 98, 1055, 308, 81, 364, 45",0.219972232526508,"infection"
"15","weaver_social_projection_bipartite_unweighted_19","752",0.31056278775838,0.425207756232687,0.5,0.634615384615385,0.243589743589744,2.62820512820513,13,0.379845278924327,"145, 211, 275, 318, 323, 260, 302, 292, 185, 235, 172, 74, 405, 339, 144, 176, 272, 219, 290, 202, 286, 263, 213, 327, 274, 212, 212, 313, 233, 407, 258, 115, 276, 321, 247, 269, 283, 275, 154, 288, 213, 144, 291, 359, 121, 327, 265, 286, 376, 281","192, 57, 187, 342, 335, 81, 276, 343, 312, 372, 335, 142, 161, 59, 151, 596, 79, 299, 94, 29, 348, 60, 387, 114, 507, 82, 165, 93, 206, 79, 96, 414, 80, 285, 490, 798, 185, 136, 172, 515, 248, 38, 371, 234, 98, 1055, 308, 81, 364, 45",0.219972232526508,"infection"
"16","weaver_social_projection_bipartite_unweighted_19","630",0.31056278775838,0.425207756232687,0.5,0.634615384615385,0.243589743589744,2.62820512820513,13,0.379845278924327,"145, 211, 275, 318, 323, 260, 302, 292, 185, 235, 172, 74, 405, 339, 144, 176, 272, 219, 290, 202, 286, 263, 213, 327, 274, 212, 212, 313, 233, 407, 258, 115, 276, 321, 247, 269, 283, 275, 154, 288, 213, 144, 291, 359, 121, 327, 265, 286, 376, 281","192, 57, 187, 342, 335, 81, 276, 343, 312, 372, 335, 142, 161, 59, 151, 596, 79, 299, 94, 29, 348, 60, 387, 114, 507, 82, 165, 93, 206, 79, 96, 414, 80, 285, 490, 798, 185, 136, 172, 515, 248, 38, 371, 234, 98, 1055, 308, 81, 364, 45",0.219972232526508,"infection"
"17","weaver_social_projection_bipartite_unweighted_19","647",0.31056278775838,0.425207756232687,0.5,0.634615384615385,0.243589743589744,2.62820512820513,13,0.379845278924327,"145, 211, 275, 318, 323, 260, 302, 292, 185, 235, 172, 74, 405, 339, 144, 176, 272, 219, 290, 202, 286, 263, 213, 327, 274, 212, 212, 313, 233, 407, 258, 115, 276, 321, 247, 269, 283, 275, 154, 288, 213, 144, 291, 359, 121, 327, 265, 286, 376, 281","192, 57, 187, 342, 335, 81, 276, 343, 312, 372, 335, 142, 161, 59, 151, 596, 79, 299, 94, 29, 348, 60, 387, 114, 507, 82, 165, 93, 206, 79, 96, 414, 80, 285, 490, 798, 185, 136, 172, 515, 248, 38, 371, 234, 98, 1055, 308, 81, 364, 45",0.219972232526508,"infection"
"18","weaver_social_projection_bipartite_unweighted_19","267",0.31056278775838,0.425207756232687,0.5,0.634615384615385,0.243589743589744,2.62820512820513,13,0.379845278924327,"145, 211, 275, 318, 323, 260, 302, 292, 185, 235, 172, 74, 405, 339, 144, 176, 272, 219, 290, 202, 286, 263, 213, 327, 274, 212, 212, 313, 233, 407, 258, 115, 276, 321, 247, 269, 283, 275, 154, 288, 213, 144, 291, 359, 121, 327, 265, 286, 376, 281","192, 57, 187, 342, 335, 81, 276, 343, 312, 372, 335, 142, 161, 59, 151, 596, 79, 299, 94, 29, 348, 60, 387, 114, 507, 82, 165, 93, 206, 79, 96, 414, 80, 285, 490, 798, 185, 136, 172, 515, 248, 38, 371, 234, 98, 1055, 308, 81, 364, 45",0.219972232526508,"infection"
"19","weaver_social_projection_bipartite_unweighted_19","403",0.31056278775838,0.425207756232687,0.5,0.634615384615385,0.243589743589744,2.62820512820513,13,0.379845278924327,"145, 211, 275, 318, 323, 260, 302, 292, 185, 235, 172, 74, 405, 339, 144, 176, 272, 219, 290, 202, 286, 263, 213, 327, 274, 212, 212, 313, 233, 407, 258, 115, 276, 321, 247, 269, 283, 275, 154, 288, 213, 144, 291, 359, 121, 327, 265, 286, 376, 281","192, 57, 187, 342, 335, 81, 276, 343, 312, 372, 335, 142, 161, 59, 151, 596, 79, 299, 94, 29, 348, 60, 387, 114, 507, 82, 165, 93, 206, 79, 96, 414, 80, 285, 490, 798, 185, 136, 172, 515, 248, 38, 371, 234, 98, 1055, 308, 81, 364, 45",0.219972232526508,"infection"
"20","weaver_social_projection_bipartite_unweighted_19","248",0.31056278775838,0.425207756232687,0.5,0.634615384615385,0.243589743589744,2.62820512820513,13,0.379845278924327,"145, 211, 275, 318, 323, 260, 302, 292, 185, 235, 172, 74, 405, 339, 144, 176, 272, 219, 290, 202, 286, 263, 213, 327, 274, 212, 212, 313, 233, 407, 258, 115, 276, 321, 247, 269, 283, 275, 154, 288, 213, 144, 291, 359, 121, 327, 265, 286, 376, 281","192, 57, 187, 342, 335, 81, 276, 343, 312, 372, 335, 142, 161, 59, 151, 596, 79, 299, 94, 29, 348, 60, 387, 114, 507, 82, 165, 93, 206, 79, 96, 414, 80, 285, 490, 798, 185, 136, 172, 515, 248, 38, 371, 234, 98, 1055, 308, 81, 364, 45",0.219972232526508,"infection"
"21","weaver_social_projection_bipartite_unweighted_19","774",0.31056278775838,0.425207756232687,0.5,0.634615384615385,0.243589743589744,2.62820512820513,13,0.379845278924327,"145, 211, 275, 318, 323, 260, 302, 292, 185, 235, 172, 74, 405, 339, 144, 176, 272, 219, 290, 202, 286, 263, 213, 327, 274, 212, 212, 313, 233, 407, 258, 115, 276, 321, 247, 269, 283, 275, 154, 288, 213, 144, 291, 359, 121, 327, 265, 286, 376, 281","192, 57, 187, 342, 335, 81, 276, 343, 312, 372, 335, 142, 161, 59, 151, 596, 79, 299, 94, 29, 348, 60, 387, 114, 507, 82, 165, 93, 206, 79, 96, 414, 80, 285, 490, 798, 185, 136, 172, 515, 248, 38, 371, 234, 98, 1055, 308, 81, 364, 45",0.219972232526508,"infection"
"22","weaver_social_projection_bipartite_unweighted_19","317",0.31056278775838,0.425207756232687,0.5,0.634615384615385,0.243589743589744,2.62820512820513,13,0.379845278924327,"145, 211, 275, 318, 323, 260, 302, 292, 185, 235, 172, 74, 405, 339, 144, 176, 272, 219, 290, 202, 286, 263, 213, 327, 274, 212, 212, 313, 233, 407, 258, 115, 276, 321, 247, 269, 283, 275, 154, 288, 213, 144, 291, 359, 121, 327, 265, 286, 376, 281","192, 57, 187, 342, 335, 81, 276, 343, 312, 372, 335, 142, 161, 59, 151, 596, 79, 299, 94, 29, 348, 60, 387, 114, 507, 82, 165, 93, 206, 79, 96, 414, 80, 285, 490, 798, 185, 136, 172, 515, 248, 38, 371, 234, 98, 1055, 308, 81, 364, 45",0.219972232526508,"infection"
"23","weaver_social_projection_bipartite_unweighted_19","551",0.31056278775838,0.425207756232687,0.5,0.634615384615385,0.243589743589744,2.62820512820513,13,0.379845278924327,"145, 211, 275, 318, 323, 260, 302, 292, 185, 235, 172, 74, 405, 339, 144, 176, 272, 219, 290, 202, 286, 263, 213, 327, 274, 212, 212, 313, 233, 407, 258, 115, 276, 321, 247, 269, 283, 275, 154, 288, 213, 144, 291, 359, 121, 327, 265, 286, 376, 281","192, 57, 187, 342, 335, 81, 276, 343, 312, 372, 335, 142, 161, 59, 151, 596, 79, 299, 94, 29, 348, 60, 387, 114, 507, 82, 165, 93, 206, 79, 96, 414, 80, 285, 490, 798, 185, 136, 172, 515, 248, 38, 371, 234, 98, 1055, 308, 81, 364, 45",0.219972232526508,"infection"
"24","weaver_social_projection_bipartite_unweighted_19","293",0.31056278775838,0.425207756232687,0.5,0.634615384615385,0.243589743589744,2.62820512820513,13,0.379845278924327,"145, 211, 275, 318, 323, 260, 302, 292, 185, 235, 172, 74, 405, 339, 144, 176, 272, 219, 290, 202, 286, 263, 213, 327, 274, 212, 212, 313, 233, 407, 258, 115, 276, 321, 247, 269, 283, 275, 154, 288, 213, 144, 291, 359, 121, 327, 265, 286, 376, 281","192, 57, 187, 342, 335, 81, 276, 343, 312, 372, 335, 142, 161, 59, 151, 596, 79, 299, 94, 29, 348, 60, 387, 114, 507, 82, 165, 93, 206, 79, 96, 414, 80, 285, 490, 798, 185, 136, 172, 515, 248, 38, 371, 234, 98, 1055, 308, 81, 364, 45",0.219972232526508,"infection"
"25","weaver_social_projection_bipartite_unweighted_19","258",0.31056278775838,0.425207756232687,0.5,0.634615384615385,0.243589743589744,2.62820512820513,13,0.379845278924327,"145, 211, 275, 318, 323, 260, 302, 292, 185, 235, 172, 74, 405, 339, 144, 176, 272, 219, 290, 202, 286, 263, 213, 327, 274, 212, 212, 313, 233, 407, 258, 115, 276, 321, 247, 269, 283, 275, 154, 288, 213, 144, 291, 359, 121, 327, 265, 286, 376, 281","192, 57, 187, 342, 335, 81, 276, 343, 312, 372, 335, 142, 161, 59, 151, 596, 79, 299, 94, 29, 348, 60, 387, 114, 507, 82, 165, 93, 206, 79, 96, 414, 80, 285, 490, 798, 185, 136, 172, 515, 248, 38, 371, 234, 98, 1055, 308, 81, 364, 45",0.219972232526508,"infection"
"26","weaver_social_projection_bipartite_unweighted_19","230",0.31056278775838,0.425207756232687,0.5,0.634615384615385,0.243589743589744,2.62820512820513,13,0.379845278924327,"145, 211, 275, 318, 323, 260, 302, 292, 185, 235, 172, 74, 405, 339, 144, 176, 272, 219, 290, 202, 286, 263, 213, 327, 274, 212, 212, 313, 233, 407, 258, 115, 276, 321, 247, 269, 283, 275, 154, 288, 213, 144, 291, 359, 121, 327, 265, 286, 376, 281","192, 57, 187, 342, 335, 81, 276, 343, 312, 372, 335, 142, 161, 59, 151, 596, 79, 299, 94, 29, 348, 60, 387, 114, 507, 82, 165, 93, 206, 79, 96, 414, 80, 285, 490, 798, 185, 136, 172, 515, 248, 38, 371, 234, 98, 1055, 308, 81, 364, 45",0.219972232526508,"infection"
"27","weaver_social_projection_bipartite_unweighted_19","207",0.31056278775838,0.425207756232687,0.5,0.634615384615385,0.243589743589744,2.62820512820513,13,0.379845278924327,"145, 211, 275, 318, 323, 260, 302, 292, 185, 235, 172, 74, 405, 339, 144, 176, 272, 219, 290, 202, 286, 263, 213, 327, 274, 212, 212, 313, 233, 407, 258, 115, 276, 321, 247, 269, 283, 275, 154, 288, 213, 144, 291, 359, 121, 327, 265, 286, 376, 281","192, 57, 187, 342, 335, 81, 276, 343, 312, 372, 335, 142, 161, 59, 151, 596, 79, 299, 94, 29, 348, 60, 387, 114, 507, 82, 165, 93, 206, 79, 96, 414, 80, 285, 490, 798, 185, 136, 172, 515, 248, 38, 371, 234, 98, 1055, 308, 81, 364, 45",0.219972232526508,"infection"
"28","weaver_social_projection_bipartite_unweighted_19","671",0.31056278775838,0.425207756232687,0.5,0.634615384615385,0.243589743589744,2.62820512820513,13,0.379845278924327,"145, 211, 275, 318, 323, 260, 302, 292, 185, 235, 172, 74, 405, 339, 144, 176, 272, 219, 290, 202, 286, 263, 213, 327, 274, 212, 212, 313, 233, 407, 258, 115, 276, 321, 247, 269, 283, 275, 154, 288, 213, 144, 291, 359, 121, 327, 265, 286, 376, 281","192, 57, 187, 342, 335, 81, 276, 343, 312, 372, 335, 142, 161, 59, 151, 596, 79, 299, 94, 29, 348, 60, 387, 114, 507, 82, 165, 93, 206, 79, 96, 414, 80, 285, 490, 798, 185, 136, 172, 515, 248, 38, 371, 234, 98, 1055, 308, 81, 364, 45",0.219972232526508,"infection"
"29","weaver_social_projection_bipartite_unweighted_19","260",0.31056278775838,0.425207756232687,0.5,0.634615384615385,0.243589743589744,2.62820512820513,13,0.379845278924327,"145, 211, 275, 318, 323, 260, 302, 292, 185, 235, 172, 74, 405, 339, 144, 176, 272, 219, 290, 202, 286, 263, 213, 327, 274, 212, 212, 313, 233, 407, 258, 115, 276, 321, 247, 269, 283, 275, 154, 288, 213, 144, 291, 359, 121, 327, 265, 286, 376, 281","192, 57, 187, 342, 335, 81, 276, 343, 312, 372, 335, 142, 161, 59, 151, 596, 79, 299, 94, 29, 348, 60, 387, 114, 507, 82, 165, 93, 206, 79, 96, 414, 80, 285, 490, 798, 185, 136, 172, 515, 248, 38, 371, 234, 98, 1055, 308, 81, 364, 45",0.219972232526508,"infection"
"30","weaver_social_projection_bipartite_unweighted_19","622",0.31056278775838,0.425207756232687,0.5,0.634615384615385,0.243589743589744,2.62820512820513,13,0.379845278924327,"145, 211, 275, 318, 323, 260, 302, 292, 185, 235, 172, 74, 405, 339, 144, 176, 272, 219, 290, 202, 286, 263, 213, 327, 274, 212, 212, 313, 233, 407, 258, 115, 276, 321, 247, 269, 283, 275, 154, 288, 213, 144, 291, 359, 121, 327, 265, 286, 376, 281","192, 57, 187, 342, 335, 81, 276, 343, 312, 372, 335, 142, 161, 59, 151, 596, 79, 299, 94, 29, 348, 60, 387, 114, 507, 82, 165, 93, 206, 79, 96, 414, 80, 285, 490, 798, 185, 136, 172, 515, 248, 38, 371, 234, 98, 1055, 308, 81, 364, 45",0.219972232526508,"infection"
"31","weaver_social_projection_bipartite_unweighted_19","561",0.31056278775838,0.425207756232687,0.5,0.634615384615385,0.243589743589744,2.62820512820513,13,0.379845278924327,"145, 211, 275, 318, 323, 260, 302, 292, 185, 235, 172, 74, 405, 339, 144, 176, 272, 219, 290, 202, 286, 263, 213, 327, 274, 212, 212, 313, 233, 407, 258, 115, 276, 321, 247, 269, 283, 275, 154, 288, 213, 144, 291, 359, 121, 327, 265, 286, 376, 281","192, 57, 187, 342, 335, 81, 276, 343, 312, 372, 335, 142, 161, 59, 151, 596, 79, 299, 94, 29, 348, 60, 387, 114, 507, 82, 165, 93, 206, 79, 96, 414, 80, 285, 490, 798, 185, 136, 172, 515, 248, 38, 371, 234, 98, 1055, 308, 81, 364, 45",0.219972232526508,"infection"
"32","weaver_social_projection_bipartite_unweighted_19","231",0.31056278775838,0.425207756232687,0.5,0.634615384615385,0.243589743589744,2.62820512820513,13,0.379845278924327,"145, 211, 275, 318, 323, 260, 302, 292, 185, 235, 172, 74, 405, 339, 144, 176, 272, 219, 290, 202, 286, 263, 213, 327, 274, 212, 212, 313, 233, 407, 258, 115, 276, 321, 247, 269, 283, 275, 154, 288, 213, 144, 291, 359, 121, 327, 265, 286, 376, 281","192, 57, 187, 342, 335, 81, 276, 343, 312, 372, 335, 142, 161, 59, 151, 596, 79, 299, 94, 29, 348, 60, 387, 114, 507, 82, 165, 93, 206, 79, 96, 414, 80, 285, 490, 798, 185, 136, 172, 515, 248, 38, 371, 234, 98, 1055, 308, 81, 364, 45",0.219972232526508,"infection"
"33","weaver_social_projection_bipartite_unweighted_19","199",0.31056278775838,0.425207756232687,0.5,0.634615384615385,0.243589743589744,2.62820512820513,13,0.379845278924327,"145, 211, 275, 318, 323, 260, 302, 292, 185, 235, 172, 74, 405, 339, 144, 176, 272, 219, 290, 202, 286, 263, 213, 327, 274, 212, 212, 313, 233, 407, 258, 115, 276, 321, 247, 269, 283, 275, 154, 288, 213, 144, 291, 359, 121, 327, 265, 286, 376, 281","192, 57, 187, 342, 335, 81, 276, 343, 312, 372, 335, 142, 161, 59, 151, 596, 79, 299, 94, 29, 348, 60, 387, 114, 507, 82, 165, 93, 206, 79, 96, 414, 80, 285, 490, 798, 185, 136, 172, 515, 248, 38, 371, 234, 98, 1055, 308, 81, 364, 45",0.219972232526508,"infection"
"34","weaver_social_projection_bipartite_unweighted_19","1049",0.31056278775838,0.425207756232687,0.5,0.634615384615385,0.243589743589744,2.62820512820513,13,0.379845278924327,"145, 211, 275, 318, 323, 260, 302, 292, 185, 235, 172, 74, 405, 339, 144, 176, 272, 219, 290, 202, 286, 263, 213, 327, 274, 212, 212, 313, 233, 407, 258, 115, 276, 321, 247, 269, 283, 275, 154, 288, 213, 144, 291, 359, 121, 327, 265, 286, 376, 281","192, 57, 187, 342, 335, 81, 276, 343, 312, 372, 335, 142, 161, 59, 151, 596, 79, 299, 94, 29, 348, 60, 387, 114, 507, 82, 165, 93, 206, 79, 96, 414, 80, 285, 490, 798, 185, 136, 172, 515, 248, 38, 371, 234, 98, 1055, 308, 81, 364, 45",0.219972232526508,"infection"
"35","weaver_social_projection_bipartite_unweighted_19","457",0.31056278775838,0.425207756232687,0.5,0.634615384615385,0.243589743589744,2.62820512820513,13,0.379845278924327,"145, 211, 275, 318, 323, 260, 302, 292, 185, 235, 172, 74, 405, 339, 144, 176, 272, 219, 290, 202, 286, 263, 213, 327, 274, 212, 212, 313, 233, 407, 258, 115, 276, 321, 247, 269, 283, 275, 154, 288, 213, 144, 291, 359, 121, 327, 265, 286, 376, 281","192, 57, 187, 342, 335, 81, 276, 343, 312, 372, 335, 142, 161, 59, 151, 596, 79, 299, 94, 29, 348, 60, 387, 114, 507, 82, 165, 93, 206, 79, 96, 414, 80, 285, 490, 798, 185, 136, 172, 515, 248, 38, 371, 234, 98, 1055, 308, 81, 364, 45",0.219972232526508,"infection"
"36","weaver_social_projection_bipartite_unweighted_19","219",0.31056278775838,0.425207756232687,0.5,0.634615384615385,0.243589743589744,2.62820512820513,13,0.379845278924327,"145, 211, 275, 318, 323, 260, 302, 292, 185, 235, 172, 74, 405, 339, 144, 176, 272, 219, 290, 202, 286, 263, 213, 327, 274, 212, 212, 313, 233, 407, 258, 115, 276, 321, 247, 269, 283, 275, 154, 288, 213, 144, 291, 359, 121, 327, 265, 286, 376, 281","192, 57, 187, 342, 335, 81, 276, 343, 312, 372, 335, 142, 161, 59, 151, 596, 79, 299, 94, 29, 348, 60, 387, 114, 507, 82, 165, 93, 206, 79, 96, 414, 80, 285, 490, 798, 185, 136, 172, 515, 248, 38, 371, 234, 98, 1055, 308, 81, 364, 45",0.219972232526508,"infection"
"37","weaver_social_projection_bipartite_unweighted_19","269",0.31056278775838,0.425207756232687,0.5,0.634615384615385,0.243589743589744,2.62820512820513,13,0.379845278924327,"145, 211, 275, 318, 323, 260, 302, 292, 185, 235, 172, 74, 405, 339, 144, 176, 272, 219, 290, 202, 286, 263, 213, 327, 274, 212, 212, 313, 233, 407, 258, 115, 276, 321, 247, 269, 283, 275, 154, 288, 213, 144, 291, 359, 121, 327, 265, 286, 376, 281","192, 57, 187, 342, 335, 81, 276, 343, 312, 372, 335, 142, 161, 59, 151, 596, 79, 299, 94, 29, 348, 60, 387, 114, 507, 82, 165, 93, 206, 79, 96, 414, 80, 285, 490, 798, 185, 136, 172, 515, 248, 38, 371, 234, 98, 1055, 308, 81, 364, 45",0.219972232526508,"infection"
"38","weaver_social_projection_bipartite_unweighted_19","455",0.31056278775838,0.425207756232687,0.5,0.634615384615385,0.243589743589744,2.62820512820513,13,0.379845278924327,"145, 211, 275, 318, 323, 260, 302, 292, 185, 235, 172, 74, 405, 339, 144, 176, 272, 219, 290, 202, 286, 263, 213, 327, 274, 212, 212, 313, 233, 407, 258, 115, 276, 321, 247, 269, 283, 275, 154, 288, 213, 144, 291, 359, 121, 327, 265, 286, 376, 281","192, 57, 187, 342, 335, 81, 276, 343, 312, 372, 335, 142, 161, 59, 151, 596, 79, 299, 94, 29, 348, 60, 387, 114, 507, 82, 165, 93, 206, 79, 96, 414, 80, 285, 490, 798, 185, 136, 172, 515, 248, 38, 371, 234, 98, 1055, 308, 81, 364, 45",0.219972232526508,"infection"
"39","weaver_social_projection_bipartite_unweighted_19","185",0.31056278775838,0.425207756232687,0.5,0.634615384615385,0.243589743589744,2.62820512820513,13,0.379845278924327,"145, 211, 275, 318, 323, 260, 302, 292, 185, 235, 172, 74, 405, 339, 144, 176, 272, 219, 290, 202, 286, 263, 213, 327, 274, 212, 212, 313, 233, 407, 258, 115, 276, 321, 247, 269, 283, 275, 154, 288, 213, 144, 291, 359, 121, 327, 265, 286, 376, 281","192, 57, 187, 342, 335, 81, 276, 343, 312, 372, 335, 142, 161, 59, 151, 596, 79, 299, 94, 29, 348, 60, 387, 114, 507, 82, 165, 93, 206, 79, 96, 414, 80, 285, 490, 798, 185, 136, 172, 515, 248, 38, 371, 234, 98, 1055, 308, 81, 364, 45",0.219972232526508,"infection"
"40","weaver_social_projection_bipartite_unweighted_19","387",0.31056278775838,0.425207756232687,0.5,0.634615384615385,0.243589743589744,2.62820512820513,13,0.379845278924327,"145, 211, 275, 318, 323, 260, 302, 292, 185, 235, 172, 74, 405, 339, 144, 176, 272, 219, 290, 202, 286, 263, 213, 327, 274, 212, 212, 313, 233, 407, 258, 115, 276, 321, 247, 269, 283, 275, 154, 288, 213, 144, 291, 359, 121, 327, 265, 286, 376, 281","192, 57, 187, 342, 335, 81, 276, 343, 312, 372, 335, 142, 161, 59, 151, 596, 79, 299, 94, 29, 348, 60, 387, 114, 507, 82, 165, 93, 206, 79, 96, 414, 80, 285, 490, 798, 185, 136, 172, 515, 248, 38, 371, 234, 98, 1055, 308, 81, 364, 45",0.219972232526508,"infection"
"41","weaver_social_projection_bipartite_unweighted_19","482",0.31056278775838,0.425207756232687,0.5,0.634615384615385,0.243589743589744,2.62820512820513,13,0.379845278924327,"145, 211, 275, 318, 323, 260, 302, 292, 185, 235, 172, 74, 405, 339, 144, 176, 272, 219, 290, 202, 286, 263, 213, 327, 274, 212, 212, 313, 233, 407, 258, 115, 276, 321, 247, 269, 283, 275, 154, 288, 213, 144, 291, 359, 121, 327, 265, 286, 376, 281","192, 57, 187, 342, 335, 81, 276, 343, 312, 372, 335, 142, 161, 59, 151, 596, 79, 299, 94, 29, 348, 60, 387, 114, 507, 82, 165, 93, 206, 79, 96, 414, 80, 285, 490, 798, 185, 136, 172, 515, 248, 38, 371, 234, 98, 1055, 308, 81, 364, 45",0.219972232526508,"infection"
"42","weaver_social_projection_bipartite_unweighted_19","310",0.31056278775838,0.425207756232687,0.5,0.634615384615385,0.243589743589744,2.62820512820513,13,0.379845278924327,"145, 211, 275, 318, 323, 260, 302, 292, 185, 235, 172, 74, 405, 339, 144, 176, 272, 219, 290, 202, 286, 263, 213, 327, 274, 212, 212, 313, 233, 407, 258, 115, 276, 321, 247, 269, 283, 275, 154, 288, 213, 144, 291, 359, 121, 327, 265, 286, 376, 281","192, 57, 187, 342, 335, 81, 276, 343, 312, 372, 335, 142, 161, 59, 151, 596, 79, 299, 94, 29, 348, 60, 387, 114, 507, 82, 165, 93, 206, 79, 96, 414, 80, 285, 490, 798, 185, 136, 172, 515, 248, 38, 371, 234, 98, 1055, 308, 81, 364, 45",0.219972232526508,"infection"
"43","weaver_social_projection_bipartite_unweighted_19","450",0.31056278775838,0.425207756232687,0.5,0.634615384615385,0.243589743589744,2.62820512820513,13,0.379845278924327,"145, 211, 275, 318, 323, 260, 302, 292, 185, 235, 172, 74, 405, 339, 144, 176, 272, 219, 290, 202, 286, 263, 213, 327, 274, 212, 212, 313, 233, 407, 258, 115, 276, 321, 247, 269, 283, 275, 154, 288, 213, 144, 291, 359, 121, 327, 265, 286, 376, 281","192, 57, 187, 342, 335, 81, 276, 343, 312, 372, 335, 142, 161, 59, 151, 596, 79, 299, 94, 29, 348, 60, 387, 114, 507, 82, 165, 93, 206, 79, 96, 414, 80, 285, 490, 798, 185, 136, 172, 515, 248, 38, 371, 234, 98, 1055, 308, 81, 364, 45",0.219972232526508,"infection"
"44","weaver_social_projection_bipartite_unweighted_19","325",0.31056278775838,0.425207756232687,0.5,0.634615384615385,0.243589743589744,2.62820512820513,13,0.379845278924327,"145, 211, 275, 318, 323, 260, 302, 292, 185, 235, 172, 74, 405, 339, 144, 176, 272, 219, 290, 202, 286, 263, 213, 327, 274, 212, 212, 313, 233, 407, 258, 115, 276, 321, 247, 269, 283, 275, 154, 288, 213, 144, 291, 359, 121, 327, 265, 286, 376, 281","192, 57, 187, 342, 335, 81, 276, 343, 312, 372, 335, 142, 161, 59, 151, 596, 79, 299, 94, 29, 348, 60, 387, 114, 507, 82, 165, 93, 206, 79, 96, 414, 80, 285, 490, 798, 185, 136, 172, 515, 248, 38, 371, 234, 98, 1055, 308, 81, 364, 45",0.219972232526508,"infection"
"45","weaver_social_projection_bipartite_unweighted_19","408",0.31056278775838,0.425207756232687,0.5,0.634615384615385,0.243589743589744,2.62820512820513,13,0.379845278924327,"145, 211, 275, 318, 323, 260, 302, 292, 185, 235, 172, 74, 405, 339, 144, 176, 272, 219, 290, 202, 286, 263, 213, 327, 274, 212, 212, 313, 233, 407, 258, 115, 276, 321, 247, 269, 283, 275, 154, 288, 213, 144, 291, 359, 121, 327, 265, 286, 376, 281","192, 57, 187, 342, 335, 81, 276, 343, 312, 372, 335, 142, 161, 59, 151, 596, 79, 299, 94, 29, 348, 60, 387, 114, 507, 82, 165, 93, 206, 79, 96, 414, 80, 285, 490, 798, 185, 136, 172, 515, 248, 38, 371, 234, 98, 1055, 308, 81, 364, 45",0.219972232526508,"infection"
"46","weaver_social_projection_bipartite_unweighted_19","265",0.31056278775838,0.425207756232687,0.5,0.634615384615385,0.243589743589744,2.62820512820513,13,0.379845278924327,"145, 211, 275, 318, 323, 260, 302, 292, 185, 235, 172, 74, 405, 339, 144, 176, 272, 219, 290, 202, 286, 263, 213, 327, 274, 212, 212, 313, 233, 407, 258, 115, 276, 321, 247, 269, 283, 275, 154, 288, 213, 144, 291, 359, 121, 327, 265, 286, 376, 281","192, 57, 187, 342, 335, 81, 276, 343, 312, 372, 335, 142, 161, 59, 151, 596, 79, 299, 94, 29, 348, 60, 387, 114, 507, 82, 165, 93, 206, 79, 96, 414, 80, 285, 490, 798, 185, 136, 172, 515, 248, 38, 371, 234, 98, 1055, 308, 81, 364, 45",0.219972232526508,"infection"
"47","weaver_social_projection_bipartite_unweighted_19","475",0.31056278775838,0.425207756232687,0.5,0.634615384615385,0.243589743589744,2.62820512820513,13,0.379845278924327,"145, 211, 275, 318, 323, 260, 302, 292, 185, 235, 172, 74, 405, 339, 144, 176, 272, 219, 290, 202, 286, 263, 213, 327, 274, 212, 212, 313, 233, 407, 258, 115, 276, 321, 247, 269, 283, 275, 154, 288, 213, 144, 291, 359, 121, 327, 265, 286, 376, 281","192, 57, 187, 342, 335, 81, 276, 343, 312, 372, 335, 142, 161, 59, 151, 596, 79, 299, 94, 29, 348, 60, 387, 114, 507, 82, 165, 93, 206, 79, 96, 414, 80, 285, 490, 798, 185, 136, 172, 515, 248, 38, 371, 234, 98, 1055, 308, 81, 364, 45",0.219972232526508,"infection"
"48","weaver_social_projection_bipartite_unweighted_19","270",0.31056278775838,0.425207756232687,0.5,0.634615384615385,0.243589743589744,2.62820512820513,13,0.379845278924327,"145, 211, 275, 318, 323, 260, 302, 292, 185, 235, 172, 74, 405, 339, 144, 176, 272, 219, 290, 202, 286, 263, 213, 327, 274, 212, 212, 313, 233, 407, 258, 115, 276, 321, 247, 269, 283, 275, 154, 288, 213, 144, 291, 359, 121, 327, 265, 286, 376, 281","192, 57, 187, 342, 335, 81, 276, 343, 312, 372, 335, 142, 161, 59, 151, 596, 79, 299, 94, 29, 348, 60, 387, 114, 507, 82, 165, 93, 206, 79, 96, 414, 80, 285, 490, 798, 185, 136, 172, 515, 248, 38, 371, 234, 98, 1055, 308, 81, 364, 45",0.219972232526508,"infection"
"49","weaver_social_projection_bipartite_unweighted_19","276",0.31056278775838,0.425207756232687,0.5,0.634615384615385,0.243589743589744,2.62820512820513,13,0.379845278924327,"145, 211, 275, 318, 323, 260, 302, 292, 185, 235, 172, 74, 405, 339, 144, 176, 272, 219, 290, 202, 286, 263, 213, 327, 274, 212, 212, 313, 233, 407, 258, 115, 276, 321, 247, 269, 283, 275, 154, 288, 213, 144, 291, 359, 121, 327, 265, 286, 376, 281","192, 57, 187, 342, 335, 81, 276, 343, 312, 372, 335, 142, 161, 59, 151, 596, 79, 299, 94, 29, 348, 60, 387, 114, 507, 82, 165, 93, 206, 79, 96, 414, 80, 285, 490, 798, 185, 136, 172, 515, 248, 38, 371, 234, 98, 1055, 308, 81, 364, 45",0.219972232526508,"infection"
"50","weaver_social_projection_bipartite_unweighted_19","515",0.31056278775838,0.425207756232687,0.5,0.634615384615385,0.243589743589744,2.62820512820513,13,0.379845278924327,"145, 211, 275, 318, 323, 260, 302, 292, 185, 235, 172, 74, 405, 339, 144, 176, 272, 219, 290, 202, 286, 263, 213, 327, 274, 212, 212, 313, 233, 407, 258, 115, 276, 321, 247, 269, 283, 275, 154, 288, 213, 144, 291, 359, 121, 327, 265, 286, 376, 281","192, 57, 187, 342, 335, 81, 276, 343, 312, 372, 335, 142, 161, 59, 151, 596, 79, 299, 94, 29, 348, 60, 387, 114, 507, 82, 165, 93, 206, 79, 96, 414, 80, 285, 490, 798, 185, 136, 172, 515, 248, 38, 371, 234, 98, 1055, 308, 81, 364, 45",0.219972232526508,"infection"
"51","weaver_social_projection_bipartite_unweighted_19","949",0.31056278775838,0.425207756232687,0.5,0.634615384615385,0.243589743589744,2.62820512820513,13,0.379845278924327,"145, 211, 275, 318, 323, 260, 302, 292, 185, 235, 172, 74, 405, 339, 144, 176, 272, 219, 290, 202, 286, 263, 213, 327, 274, 212, 212, 313, 233, 407, 258, 115, 276, 321, 247, 269, 283, 275, 154, 288, 213, 144, 291, 359, 121, 327, 265, 286, 376, 281","192, 57, 187, 342, 335, 81, 276, 343, 312, 372, 335, 142, 161, 59, 151, 596, 79, 299, 94, 29, 348, 60, 387, 114, 507, 82, 165, 93, 206, 79, 96, 414, 80, 285, 490, 798, 185, 136, 172, 515, 248, 38, 371, 234, 98, 1055, 308, 81, 364, 45",0.219972232526508,"information"
"52","weaver_social_projection_bipartite_unweighted_19","544",0.31056278775838,0.425207756232687,0.5,0.634615384615385,0.243589743589744,2.62820512820513,13,0.379845278924327,"145, 211, 275, 318, 323, 260, 302, 292, 185, 235, 172, 74, 405, 339, 144, 176, 272, 219, 290, 202, 286, 263, 213, 327, 274, 212, 212, 313, 233, 407, 258, 115, 276, 321, 247, 269, 283, 275, 154, 288, 213, 144, 291, 359, 121, 327, 265, 286, 376, 281","192, 57, 187, 342, 335, 81, 276, 343, 312, 372, 335, 142, 161, 59, 151, 596, 79, 299, 94, 29, 348, 60, 387, 114, 507, 82, 165, 93, 206, 79, 96, 414, 80, 285, 490, 798, 185, 136, 172, 515, 248, 38, 371, 234, 98, 1055, 308, 81, 364, 45",0.219972232526508,"information"
"53","weaver_social_projection_bipartite_unweighted_19","840",0.31056278775838,0.425207756232687,0.5,0.634615384615385,0.243589743589744,2.62820512820513,13,0.379845278924327,"145, 211, 275, 318, 323, 260, 302, 292, 185, 235, 172, 74, 405, 339, 144, 176, 272, 219, 290, 202, 286, 263, 213, 327, 274, 212, 212, 313, 233, 407, 258, 115, 276, 321, 247, 269, 283, 275, 154, 288, 213, 144, 291, 359, 121, 327, 265, 286, 376, 281","192, 57, 187, 342, 335, 81, 276, 343, 312, 372, 335, 142, 161, 59, 151, 596, 79, 299, 94, 29, 348, 60, 387, 114, 507, 82, 165, 93, 206, 79, 96, 414, 80, 285, 490, 798, 185, 136, 172, 515, 248, 38, 371, 234, 98, 1055, 308, 81, 364, 45",0.219972232526508,"information"
"54","weaver_social_projection_bipartite_unweighted_19","404",0.31056278775838,0.425207756232687,0.5,0.634615384615385,0.243589743589744,2.62820512820513,13,0.379845278924327,"145, 211, 275, 318, 323, 260, 302, 292, 185, 235, 172, 74, 405, 339, 144, 176, 272, 219, 290, 202, 286, 263, 213, 327, 274, 212, 212, 313, 233, 407, 258, 115, 276, 321, 247, 269, 283, 275, 154, 288, 213, 144, 291, 359, 121, 327, 265, 286, 376, 281","192, 57, 187, 342, 335, 81, 276, 343, 312, 372, 335, 142, 161, 59, 151, 596, 79, 299, 94, 29, 348, 60, 387, 114, 507, 82, 165, 93, 206, 79, 96, 414, 80, 285, 490, 798, 185, 136, 172, 515, 248, 38, 371, 234, 98, 1055, 308, 81, 364, 45",0.219972232526508,"information"
"55","weaver_social_projection_bipartite_unweighted_19","1313",0.31056278775838,0.425207756232687,0.5,0.634615384615385,0.243589743589744,2.62820512820513,13,0.379845278924327,"145, 211, 275, 318, 323, 260, 302, 292, 185, 235, 172, 74, 405, 339, 144, 176, 272, 219, 290, 202, 286, 263, 213, 327, 274, 212, 212, 313, 233, 407, 258, 115, 276, 321, 247, 269, 283, 275, 154, 288, 213, 144, 291, 359, 121, 327, 265, 286, 376, 281","192, 57, 187, 342, 335, 81, 276, 343, 312, 372, 335, 142, 161, 59, 151, 596, 79, 299, 94, 29, 348, 60, 387, 114, 507, 82, 165, 93, 206, 79, 96, 414, 80, 285, 490, 798, 185, 136, 172, 515, 248, 38, 371, 234, 98, 1055, 308, 81, 364, 45",0.219972232526508,"information"
"56","weaver_social_projection_bipartite_unweighted_19","766",0.31056278775838,0.425207756232687,0.5,0.634615384615385,0.243589743589744,2.62820512820513,13,0.379845278924327,"145, 211, 275, 318, 323, 260, 302, 292, 185, 235, 172, 74, 405, 339, 144, 176, 272, 219, 290, 202, 286, 263, 213, 327, 274, 212, 212, 313, 233, 407, 258, 115, 276, 321, 247, 269, 283, 275, 154, 288, 213, 144, 291, 359, 121, 327, 265, 286, 376, 281","192, 57, 187, 342, 335, 81, 276, 343, 312, 372, 335, 142, 161, 59, 151, 596, 79, 299, 94, 29, 348, 60, 387, 114, 507, 82, 165, 93, 206, 79, 96, 414, 80, 285, 490, 798, 185, 136, 172, 515, 248, 38, 371, 234, 98, 1055, 308, 81, 364, 45",0.219972232526508,"information"
"57","weaver_social_projection_bipartite_unweighted_19","480",0.31056278775838,0.425207756232687,0.5,0.634615384615385,0.243589743589744,2.62820512820513,13,0.379845278924327,"145, 211, 275, 318, 323, 260, 302, 292, 185, 235, 172, 74, 405, 339, 144, 176, 272, 219, 290, 202, 286, 263, 213, 327, 274, 212, 212, 313, 233, 407, 258, 115, 276, 321, 247, 269, 283, 275, 154, 288, 213, 144, 291, 359, 121, 327, 265, 286, 376, 281","192, 57, 187, 342, 335, 81, 276, 343, 312, 372, 335, 142, 161, 59, 151, 596, 79, 299, 94, 29, 348, 60, 387, 114, 507, 82, 165, 93, 206, 79, 96, 414, 80, 285, 490, 798, 185, 136, 172, 515, 248, 38, 371, 234, 98, 1055, 308, 81, 364, 45",0.219972232526508,"information"
"58","weaver_social_projection_bipartite_unweighted_19","1409",0.31056278775838,0.425207756232687,0.5,0.634615384615385,0.243589743589744,2.62820512820513,13,0.379845278924327,"145, 211, 275, 318, 323, 260, 302, 292, 185, 235, 172, 74, 405, 339, 144, 176, 272, 219, 290, 202, 286, 263, 213, 327, 274, 212, 212, 313, 233, 407, 258, 115, 276, 321, 247, 269, 283, 275, 154, 288, 213, 144, 291, 359, 121, 327, 265, 286, 376, 281","192, 57, 187, 342, 335, 81, 276, 343, 312, 372, 335, 142, 161, 59, 151, 596, 79, 299, 94, 29, 348, 60, 387, 114, 507, 82, 165, 93, 206, 79, 96, 414, 80, 285, 490, 798, 185, 136, 172, 515, 248, 38, 371, 234, 98, 1055, 308, 81, 364, 45",0.219972232526508,"information"
"59","weaver_social_projection_bipartite_unweighted_19","682",0.31056278775838,0.425207756232687,0.5,0.634615384615385,0.243589743589744,2.62820512820513,13,0.379845278924327,"145, 211, 275, 318, 323, 260, 302, 292, 185, 235, 172, 74, 405, 339, 144, 176, 272, 219, 290, 202, 286, 263, 213, 327, 274, 212, 212, 313, 233, 407, 258, 115, 276, 321, 247, 269, 283, 275, 154, 288, 213, 144, 291, 359, 121, 327, 265, 286, 376, 281","192, 57, 187, 342, 335, 81, 276, 343, 312, 372, 335, 142, 161, 59, 151, 596, 79, 299, 94, 29, 348, 60, 387, 114, 507, 82, 165, 93, 206, 79, 96, 414, 80, 285, 490, 798, 185, 136, 172, 515, 248, 38, 371, 234, 98, 1055, 308, 81, 364, 45",0.219972232526508,"information"
"60","weaver_social_projection_bipartite_unweighted_19","685",0.31056278775838,0.425207756232687,0.5,0.634615384615385,0.243589743589744,2.62820512820513,13,0.379845278924327,"145, 211, 275, 318, 323, 260, 302, 292, 185, 235, 172, 74, 405, 339, 144, 176, 272, 219, 290, 202, 286, 263, 213, 327, 274, 212, 212, 313, 233, 407, 258, 115, 276, 321, 247, 269, 283, 275, 154, 288, 213, 144, 291, 359, 121, 327, 265, 286, 376, 281","192, 57, 187, 342, 335, 81, 276, 343, 312, 372, 335, 142, 161, 59, 151, 596, 79, 299, 94, 29, 348, 60, 387, 114, 507, 82, 165, 93, 206, 79, 96, 414, 80, 285, 490, 798, 185, 136, 172, 515, 248, 38, 371, 234, 98, 1055, 308, 81, 364, 45",0.219972232526508,"information"
"61","weaver_social_projection_bipartite_unweighted_19","437",0.31056278775838,0.425207756232687,0.5,0.634615384615385,0.243589743589744,2.62820512820513,13,0.379845278924327,"145, 211, 275, 318, 323, 260, 302, 292, 185, 235, 172, 74, 405, 339, 144, 176, 272, 219, 290, 202, 286, 263, 213, 327, 274, 212, 212, 313, 233, 407, 258, 115, 276, 321, 247, 269, 283, 275, 154, 288, 213, 144, 291, 359, 121, 327, 265, 286, 376, 281","192, 57, 187, 342, 335, 81, 276, 343, 312, 372, 335, 142, 161, 59, 151, 596, 79, 299, 94, 29, 348, 60, 387, 114, 507, 82, 165, 93, 206, 79, 96, 414, 80, 285, 490, 798, 185, 136, 172, 515, 248, 38, 371, 234, 98, 1055, 308, 81, 364, 45",0.219972232526508,"information"
"62","weaver_social_projection_bipartite_unweighted_19","2054",0.31056278775838,0.425207756232687,0.5,0.634615384615385,0.243589743589744,2.62820512820513,13,0.379845278924327,"145, 211, 275, 318, 323, 260, 302, 292, 185, 235, 172, 74, 405, 339, 144, 176, 272, 219, 290, 202, 286, 263, 213, 327, 274, 212, 212, 313, 233, 407, 258, 115, 276, 321, 247, 269, 283, 275, 154, 288, 213, 144, 291, 359, 121, 327, 265, 286, 376, 281","192, 57, 187, 342, 335, 81, 276, 343, 312, 372, 335, 142, 161, 59, 151, 596, 79, 299, 94, 29, 348, 60, 387, 114, 507, 82, 165, 93, 206, 79, 96, 414, 80, 285, 490, 798, 185, 136, 172, 515, 248, 38, 371, 234, 98, 1055, 308, 81, 364, 45",0.219972232526508,"information"
"63","weaver_social_projection_bipartite_unweighted_19","766",0.31056278775838,0.425207756232687,0.5,0.634615384615385,0.243589743589744,2.62820512820513,13,0.379845278924327,"145, 211, 275, 318, 323, 260, 302, 292, 185, 235, 172, 74, 405, 339, 144, 176, 272, 219, 290, 202, 286, 263, 213, 327, 274, 212, 212, 313, 233, 407, 258, 115, 276, 321, 247, 269, 283, 275, 154, 288, 213, 144, 291, 359, 121, 327, 265, 286, 376, 281","192, 57, 187, 342, 335, 81, 276, 343, 312, 372, 335, 142, 161, 59, 151, 596, 79, 299, 94, 29, 348, 60, 387, 114, 507, 82, 165, 93, 206, 79, 96, 414, 80, 285, 490, 798, 185, 136, 172, 515, 248, 38, 371, 234, 98, 1055, 308, 81, 364, 45",0.219972232526508,"information"
"64","weaver_social_projection_bipartite_unweighted_19","2224",0.31056278775838,0.425207756232687,0.5,0.634615384615385,0.243589743589744,2.62820512820513,13,0.379845278924327,"145, 211, 275, 318, 323, 260, 302, 292, 185, 235, 172, 74, 405, 339, 144, 176, 272, 219, 290, 202, 286, 263, 213, 327, 274, 212, 212, 313, 233, 407, 258, 115, 276, 321, 247, 269, 283, 275, 154, 288, 213, 144, 291, 359, 121, 327, 265, 286, 376, 281","192, 57, 187, 342, 335, 81, 276, 343, 312, 372, 335, 142, 161, 59, 151, 596, 79, 299, 94, 29, 348, 60, 387, 114, 507, 82, 165, 93, 206, 79, 96, 414, 80, 285, 490, 798, 185, 136, 172, 515, 248, 38, 371, 234, 98, 1055, 308, 81, 364, 45",0.219972232526508,"information"
"65","weaver_social_projection_bipartite_unweighted_19","265",0.31056278775838,0.425207756232687,0.5,0.634615384615385,0.243589743589744,2.62820512820513,13,0.379845278924327,"145, 211, 275, 318, 323, 260, 302, 292, 185, 235, 172, 74, 405, 339, 144, 176, 272, 219, 290, 202, 286, 263, 213, 327, 274, 212, 212, 313, 233, 407, 258, 115, 276, 321, 247, 269, 283, 275, 154, 288, 213, 144, 291, 359, 121, 327, 265, 286, 376, 281","192, 57, 187, 342, 335, 81, 276, 343, 312, 372, 335, 142, 161, 59, 151, 596, 79, 299, 94, 29, 348, 60, 387, 114, 507, 82, 165, 93, 206, 79, 96, 414, 80, 285, 490, 798, 185, 136, 172, 515, 248, 38, 371, 234, 98, 1055, 308, 81, 364, 45",0.219972232526508,"information"
"66","weaver_social_projection_bipartite_unweighted_19","39",0.31056278775838,0.425207756232687,0.5,0.634615384615385,0.243589743589744,2.62820512820513,13,0.379845278924327,"145, 211, 275, 318, 323, 260, 302, 292, 185, 235, 172, 74, 405, 339, 144, 176, 272, 219, 290, 202, 286, 263, 213, 327, 274, 212, 212, 313, 233, 407, 258, 115, 276, 321, 247, 269, 283, 275, 154, 288, 213, 144, 291, 359, 121, 327, 265, 286, 376, 281","192, 57, 187, 342, 335, 81, 276, 343, 312, 372, 335, 142, 161, 59, 151, 596, 79, 299, 94, 29, 348, 60, 387, 114, 507, 82, 165, 93, 206, 79, 96, 414, 80, 285, 490, 798, 185, 136, 172, 515, 248, 38, 371, 234, 98, 1055, 308, 81, 364, 45",0.219972232526508,"information"
"67","weaver_social_projection_bipartite_unweighted_19","1171",0.31056278775838,0.425207756232687,0.5,0.634615384615385,0.243589743589744,2.62820512820513,13,0.379845278924327,"145, 211, 275, 318, 323, 260, 302, 292, 185, 235, 172, 74, 405, 339, 144, 176, 272, 219, 290, 202, 286, 263, 213, 327, 274, 212, 212, 313, 233, 407, 258, 115, 276, 321, 247, 269, 283, 275, 154, 288, 213, 144, 291, 359, 121, 327, 265, 286, 376, 281","192, 57, 187, 342, 335, 81, 276, 343, 312, 372, 335, 142, 161, 59, 151, 596, 79, 299, 94, 29, 348, 60, 387, 114, 507, 82, 165, 93, 206, 79, 96, 414, 80, 285, 490, 798, 185, 136, 172, 515, 248, 38, 371, 234, 98, 1055, 308, 81, 364, 45",0.219972232526508,"information"
"68","weaver_social_projection_bipartite_unweighted_19","356",0.31056278775838,0.425207756232687,0.5,0.634615384615385,0.243589743589744,2.62820512820513,13,0.379845278924327,"145, 211, 275, 318, 323, 260, 302, 292, 185, 235, 172, 74, 405, 339, 144, 176, 272, 219, 290, 202, 286, 263, 213, 327, 274, 212, 212, 313, 233, 407, 258, 115, 276, 321, 247, 269, 283, 275, 154, 288, 213, 144, 291, 359, 121, 327, 265, 286, 376, 281","192, 57, 187, 342, 335, 81, 276, 343, 312, 372, 335, 142, 161, 59, 151, 596, 79, 299, 94, 29, 348, 60, 387, 114, 507, 82, 165, 93, 206, 79, 96, 414, 80, 285, 490, 798, 185, 136, 172, 515, 248, 38, 371, 234, 98, 1055, 308, 81, 364, 45",0.219972232526508,"information"
"69","weaver_social_projection_bipartite_unweighted_19","1045",0.31056278775838,0.425207756232687,0.5,0.634615384615385,0.243589743589744,2.62820512820513,13,0.379845278924327,"145, 211, 275, 318, 323, 260, 302, 292, 185, 235, 172, 74, 405, 339, 144, 176, 272, 219, 290, 202, 286, 263, 213, 327, 274, 212, 212, 313, 233, 407, 258, 115, 276, 321, 247, 269, 283, 275, 154, 288, 213, 144, 291, 359, 121, 327, 265, 286, 376, 281","192, 57, 187, 342, 335, 81, 276, 343, 312, 372, 335, 142, 161, 59, 151, 596, 79, 299, 94, 29, 348, 60, 387, 114, 507, 82, 165, 93, 206, 79, 96, 414, 80, 285, 490, 798, 185, 136, 172, 515, 248, 38, 371, 234, 98, 1055, 308, 81, 364, 45",0.219972232526508,"information"
"70","weaver_social_projection_bipartite_unweighted_19","1485",0.31056278775838,0.425207756232687,0.5,0.634615384615385,0.243589743589744,2.62820512820513,13,0.379845278924327,"145, 211, 275, 318, 323, 260, 302, 292, 185, 235, 172, 74, 405, 339, 144, 176, 272, 219, 290, 202, 286, 263, 213, 327, 274, 212, 212, 313, 233, 407, 258, 115, 276, 321, 247, 269, 283, 275, 154, 288, 213, 144, 291, 359, 121, 327, 265, 286, 376, 281","192, 57, 187, 342, 335, 81, 276, 343, 312, 372, 335, 142, 161, 59, 151, 596, 79, 299, 94, 29, 348, 60, 387, 114, 507, 82, 165, 93, 206, 79, 96, 414, 80, 285, 490, 798, 185, 136, 172, 515, 248, 38, 371, 234, 98, 1055, 308, 81, 364, 45",0.219972232526508,"information"
"71","weaver_social_projection_bipartite_unweighted_19","887",0.31056278775838,0.425207756232687,0.5,0.634615384615385,0.243589743589744,2.62820512820513,13,0.379845278924327,"145, 211, 275, 318, 323, 260, 302, 292, 185, 235, 172, 74, 405, 339, 144, 176, 272, 219, 290, 202, 286, 263, 213, 327, 274, 212, 212, 313, 233, 407, 258, 115, 276, 321, 247, 269, 283, 275, 154, 288, 213, 144, 291, 359, 121, 327, 265, 286, 376, 281","192, 57, 187, 342, 335, 81, 276, 343, 312, 372, 335, 142, 161, 59, 151, 596, 79, 299, 94, 29, 348, 60, 387, 114, 507, 82, 165, 93, 206, 79, 96, 414, 80, 285, 490, 798, 185, 136, 172, 515, 248, 38, 371, 234, 98, 1055, 308, 81, 364, 45",0.219972232526508,"information"
"72","weaver_social_projection_bipartite_unweighted_19","992",0.31056278775838,0.425207756232687,0.5,0.634615384615385,0.243589743589744,2.62820512820513,13,0.379845278924327,"145, 211, 275, 318, 323, 260, 302, 292, 185, 235, 172, 74, 405, 339, 144, 176, 272, 219, 290, 202, 286, 263, 213, 327, 274, 212, 212, 313, 233, 407, 258, 115, 276, 321, 247, 269, 283, 275, 154, 288, 213, 144, 291, 359, 121, 327, 265, 286, 376, 281","192, 57, 187, 342, 335, 81, 276, 343, 312, 372, 335, 142, 161, 59, 151, 596, 79, 299, 94, 29, 348, 60, 387, 114, 507, 82, 165, 93, 206, 79, 96, 414, 80, 285, 490, 798, 185, 136, 172, 515, 248, 38, 371, 234, 98, 1055, 308, 81, 364, 45",0.219972232526508,"information"
"73","weaver_social_projection_bipartite_unweighted_19","203",0.31056278775838,0.425207756232687,0.5,0.634615384615385,0.243589743589744,2.62820512820513,13,0.379845278924327,"145, 211, 275, 318, 323, 260, 302, 292, 185, 235, 172, 74, 405, 339, 144, 176, 272, 219, 290, 202, 286, 263, 213, 327, 274, 212, 212, 313, 233, 407, 258, 115, 276, 321, 247, 269, 283, 275, 154, 288, 213, 144, 291, 359, 121, 327, 265, 286, 376, 281","192, 57, 187, 342, 335, 81, 276, 343, 312, 372, 335, 142, 161, 59, 151, 596, 79, 299, 94, 29, 348, 60, 387, 114, 507, 82, 165, 93, 206, 79, 96, 414, 80, 285, 490, 798, 185, 136, 172, 515, 248, 38, 371, 234, 98, 1055, 308, 81, 364, 45",0.219972232526508,"information"
"74","weaver_social_projection_bipartite_unweighted_19","819",0.31056278775838,0.425207756232687,0.5,0.634615384615385,0.243589743589744,2.62820512820513,13,0.379845278924327,"145, 211, 275, 318, 323, 260, 302, 292, 185, 235, 172, 74, 405, 339, 144, 176, 272, 219, 290, 202, 286, 263, 213, 327, 274, 212, 212, 313, 233, 407, 258, 115, 276, 321, 247, 269, 283, 275, 154, 288, 213, 144, 291, 359, 121, 327, 265, 286, 376, 281","192, 57, 187, 342, 335, 81, 276, 343, 312, 372, 335, 142, 161, 59, 151, 596, 79, 299, 94, 29, 348, 60, 387, 114, 507, 82, 165, 93, 206, 79, 96, 414, 80, 285, 490, 798, 185, 136, 172, 515, 248, 38, 371, 234, 98, 1055, 308, 81, 364, 45",0.219972232526508,"information"
"75","weaver_social_projection_bipartite_unweighted_19","1113",0.31056278775838,0.425207756232687,0.5,0.634615384615385,0.243589743589744,2.62820512820513,13,0.379845278924327,"145, 211, 275, 318, 323, 260, 302, 292, 185, 235, 172, 74, 405, 339, 144, 176, 272, 219, 290, 202, 286, 263, 213, 327, 274, 212, 212, 313, 233, 407, 258, 115, 276, 321, 247, 269, 283, 275, 154, 288, 213, 144, 291, 359, 121, 327, 265, 286, 376, 281","192, 57, 187, 342, 335, 81, 276, 343, 312, 372, 335, 142, 161, 59, 151, 596, 79, 299, 94, 29, 348, 60, 387, 114, 507, 82, 165, 93, 206, 79, 96, 414, 80, 285, 490, 798, 185, 136, 172, 515, 248, 38, 371, 234, 98, 1055, 308, 81, 364, 45",0.219972232526508,"information"
"76","weaver_social_projection_bipartite_unweighted_19","67",0.31056278775838,0.425207756232687,0.5,0.634615384615385,0.243589743589744,2.62820512820513,13,0.379845278924327,"145, 211, 275, 318, 323, 260, 302, 292, 185, 235, 172, 74, 405, 339, 144, 176, 272, 219, 290, 202, 286, 263, 213, 327, 274, 212, 212, 313, 233, 407, 258, 115, 276, 321, 247, 269, 283, 275, 154, 288, 213, 144, 291, 359, 121, 327, 265, 286, 376, 281","192, 57, 187, 342, 335, 81, 276, 343, 312, 372, 335, 142, 161, 59, 151, 596, 79, 299, 94, 29, 348, 60, 387, 114, 507, 82, 165, 93, 206, 79, 96, 414, 80, 285, 490, 798, 185, 136, 172, 515, 248, 38, 371, 234, 98, 1055, 308, 81, 364, 45",0.219972232526508,"information"
"77","weaver_social_projection_bipartite_unweighted_19","577",0.31056278775838,0.425207756232687,0.5,0.634615384615385,0.243589743589744,2.62820512820513,13,0.379845278924327,"145, 211, 275, 318, 323, 260, 302, 292, 185, 235, 172, 74, 405, 339, 144, 176, 272, 219, 290, 202, 286, 263, 213, 327, 274, 212, 212, 313, 233, 407, 258, 115, 276, 321, 247, 269, 283, 275, 154, 288, 213, 144, 291, 359, 121, 327, 265, 286, 376, 281","192, 57, 187, 342, 335, 81, 276, 343, 312, 372, 335, 142, 161, 59, 151, 596, 79, 299, 94, 29, 348, 60, 387, 114, 507, 82, 165, 93, 206, 79, 96, 414, 80, 285, 490, 798, 185, 136, 172, 515, 248, 38, 371, 234, 98, 1055, 308, 81, 364, 45",0.219972232526508,"information"
"78","weaver_social_projection_bipartite_unweighted_19","1185",0.31056278775838,0.425207756232687,0.5,0.634615384615385,0.243589743589744,2.62820512820513,13,0.379845278924327,"145, 211, 275, 318, 323, 260, 302, 292, 185, 235, 172, 74, 405, 339, 144, 176, 272, 219, 290, 202, 286, 263, 213, 327, 274, 212, 212, 313, 233, 407, 258, 115, 276, 321, 247, 269, 283, 275, 154, 288, 213, 144, 291, 359, 121, 327, 265, 286, 376, 281","192, 57, 187, 342, 335, 81, 276, 343, 312, 372, 335, 142, 161, 59, 151, 596, 79, 299, 94, 29, 348, 60, 387, 114, 507, 82, 165, 93, 206, 79, 96, 414, 80, 285, 490, 798, 185, 136, 172, 515, 248, 38, 371, 234, 98, 1055, 308, 81, 364, 45",0.219972232526508,"information"
"79","weaver_social_projection_bipartite_unweighted_19","580",0.31056278775838,0.425207756232687,0.5,0.634615384615385,0.243589743589744,2.62820512820513,13,0.379845278924327,"145, 211, 275, 318, 323, 260, 302, 292, 185, 235, 172, 74, 405, 339, 144, 176, 272, 219, 290, 202, 286, 263, 213, 327, 274, 212, 212, 313, 233, 407, 258, 115, 276, 321, 247, 269, 283, 275, 154, 288, 213, 144, 291, 359, 121, 327, 265, 286, 376, 281","192, 57, 187, 342, 335, 81, 276, 343, 312, 372, 335, 142, 161, 59, 151, 596, 79, 299, 94, 29, 348, 60, 387, 114, 507, 82, 165, 93, 206, 79, 96, 414, 80, 285, 490, 798, 185, 136, 172, 515, 248, 38, 371, 234, 98, 1055, 308, 81, 364, 45",0.219972232526508,"information"
"80","weaver_social_projection_bipartite_unweighted_19","681",0.31056278775838,0.425207756232687,0.5,0.634615384615385,0.243589743589744,2.62820512820513,13,0.379845278924327,"145, 211, 275, 318, 323, 260, 302, 292, 185, 235, 172, 74, 405, 339, 144, 176, 272, 219, 290, 202, 286, 263, 213, 327, 274, 212, 212, 313, 233, 407, 258, 115, 276, 321, 247, 269, 283, 275, 154, 288, 213, 144, 291, 359, 121, 327, 265, 286, 376, 281","192, 57, 187, 342, 335, 81, 276, 343, 312, 372, 335, 142, 161, 59, 151, 596, 79, 299, 94, 29, 348, 60, 387, 114, 507, 82, 165, 93, 206, 79, 96, 414, 80, 285, 490, 798, 185, 136, 172, 515, 248, 38, 371, 234, 98, 1055, 308, 81, 364, 45",0.219972232526508,"information"
"81","weaver_social_projection_bipartite_unweighted_19","838",0.31056278775838,0.425207756232687,0.5,0.634615384615385,0.243589743589744,2.62820512820513,13,0.379845278924327,"145, 211, 275, 318, 323, 260, 302, 292, 185, 235, 172, 74, 405, 339, 144, 176, 272, 219, 290, 202, 286, 263, 213, 327, 274, 212, 212, 313, 233, 407, 258, 115, 276, 321, 247, 269, 283, 275, 154, 288, 213, 144, 291, 359, 121, 327, 265, 286, 376, 281","192, 57, 187, 342, 335, 81, 276, 343, 312, 372, 335, 142, 161, 59, 151, 596, 79, 299, 94, 29, 348, 60, 387, 114, 507, 82, 165, 93, 206, 79, 96, 414, 80, 285, 490, 798, 185, 136, 172, 515, 248, 38, 371, 234, 98, 1055, 308, 81, 364, 45",0.219972232526508,"information"
"82","weaver_social_projection_bipartite_unweighted_19","1482",0.31056278775838,0.425207756232687,0.5,0.634615384615385,0.243589743589744,2.62820512820513,13,0.379845278924327,"145, 211, 275, 318, 323, 260, 302, 292, 185, 235, 172, 74, 405, 339, 144, 176, 272, 219, 290, 202, 286, 263, 213, 327, 274, 212, 212, 313, 233, 407, 258, 115, 276, 321, 247, 269, 283, 275, 154, 288, 213, 144, 291, 359, 121, 327, 265, 286, 376, 281","192, 57, 187, 342, 335, 81, 276, 343, 312, 372, 335, 142, 161, 59, 151, 596, 79, 299, 94, 29, 348, 60, 387, 114, 507, 82, 165, 93, 206, 79, 96, 414, 80, 285, 490, 798, 185, 136, 172, 515, 248, 38, 371, 234, 98, 1055, 308, 81, 364, 45",0.219972232526508,"information"
"83","weaver_social_projection_bipartite_unweighted_19","470",0.31056278775838,0.425207756232687,0.5,0.634615384615385,0.243589743589744,2.62820512820513,13,0.379845278924327,"145, 211, 275, 318, 323, 260, 302, 292, 185, 235, 172, 74, 405, 339, 144, 176, 272, 219, 290, 202, 286, 263, 213, 327, 274, 212, 212, 313, 233, 407, 258, 115, 276, 321, 247, 269, 283, 275, 154, 288, 213, 144, 291, 359, 121, 327, 265, 286, 376, 281","192, 57, 187, 342, 335, 81, 276, 343, 312, 372, 335, 142, 161, 59, 151, 596, 79, 299, 94, 29, 348, 60, 387, 114, 507, 82, 165, 93, 206, 79, 96, 414, 80, 285, 490, 798, 185, 136, 172, 515, 248, 38, 371, 234, 98, 1055, 308, 81, 364, 45",0.219972232526508,"information"
"84","weaver_social_projection_bipartite_unweighted_19","792",0.31056278775838,0.425207756232687,0.5,0.634615384615385,0.243589743589744,2.62820512820513,13,0.379845278924327,"145, 211, 275, 318, 323, 260, 302, 292, 185, 235, 172, 74, 405, 339, 144, 176, 272, 219, 290, 202, 286, 263, 213, 327, 274, 212, 212, 313, 233, 407, 258, 115, 276, 321, 247, 269, 283, 275, 154, 288, 213, 144, 291, 359, 121, 327, 265, 286, 376, 281","192, 57, 187, 342, 335, 81, 276, 343, 312, 372, 335, 142, 161, 59, 151, 596, 79, 299, 94, 29, 348, 60, 387, 114, 507, 82, 165, 93, 206, 79, 96, 414, 80, 285, 490, 798, 185, 136, 172, 515, 248, 38, 371, 234, 98, 1055, 308, 81, 364, 45",0.219972232526508,"information"
"85","weaver_social_projection_bipartite_unweighted_19","1398",0.31056278775838,0.425207756232687,0.5,0.634615384615385,0.243589743589744,2.62820512820513,13,0.379845278924327,"145, 211, 275, 318, 323, 260, 302, 292, 185, 235, 172, 74, 405, 339, 144, 176, 272, 219, 290, 202, 286, 263, 213, 327, 274, 212, 212, 313, 233, 407, 258, 115, 276, 321, 247, 269, 283, 275, 154, 288, 213, 144, 291, 359, 121, 327, 265, 286, 376, 281","192, 57, 187, 342, 335, 81, 276, 343, 312, 372, 335, 142, 161, 59, 151, 596, 79, 299, 94, 29, 348, 60, 387, 114, 507, 82, 165, 93, 206, 79, 96, 414, 80, 285, 490, 798, 185, 136, 172, 515, 248, 38, 371, 234, 98, 1055, 308, 81, 364, 45",0.219972232526508,"information"
"86","weaver_social_projection_bipartite_unweighted_19","1629",0.31056278775838,0.425207756232687,0.5,0.634615384615385,0.243589743589744,2.62820512820513,13,0.379845278924327,"145, 211, 275, 318, 323, 260, 302, 292, 185, 235, 172, 74, 405, 339, 144, 176, 272, 219, 290, 202, 286, 263, 213, 327, 274, 212, 212, 313, 233, 407, 258, 115, 276, 321, 247, 269, 283, 275, 154, 288, 213, 144, 291, 359, 121, 327, 265, 286, 376, 281","192, 57, 187, 342, 335, 81, 276, 343, 312, 372, 335, 142, 161, 59, 151, 596, 79, 299, 94, 29, 348, 60, 387, 114, 507, 82, 165, 93, 206, 79, 96, 414, 80, 285, 490, 798, 185, 136, 172, 515, 248, 38, 371, 234, 98, 1055, 308, 81, 364, 45",0.219972232526508,"information"
"87","weaver_social_projection_bipartite_unweighted_19","994",0.31056278775838,0.425207756232687,0.5,0.634615384615385,0.243589743589744,2.62820512820513,13,0.379845278924327,"145, 211, 275, 318, 323, 260, 302, 292, 185, 235, 172, 74, 405, 339, 144, 176, 272, 219, 290, 202, 286, 263, 213, 327, 274, 212, 212, 313, 233, 407, 258, 115, 276, 321, 247, 269, 283, 275, 154, 288, 213, 144, 291, 359, 121, 327, 265, 286, 376, 281","192, 57, 187, 342, 335, 81, 276, 343, 312, 372, 335, 142, 161, 59, 151, 596, 79, 299, 94, 29, 348, 60, 387, 114, 507, 82, 165, 93, 206, 79, 96, 414, 80, 285, 490, 798, 185, 136, 172, 515, 248, 38, 371, 234, 98, 1055, 308, 81, 364, 45",0.219972232526508,"information"
"88","weaver_social_projection_bipartite_unweighted_19","328",0.31056278775838,0.425207756232687,0.5,0.634615384615385,0.243589743589744,2.62820512820513,13,0.379845278924327,"145, 211, 275, 318, 323, 260, 302, 292, 185, 235, 172, 74, 405, 339, 144, 176, 272, 219, 290, 202, 286, 263, 213, 327, 274, 212, 212, 313, 233, 407, 258, 115, 276, 321, 247, 269, 283, 275, 154, 288, 213, 144, 291, 359, 121, 327, 265, 286, 376, 281","192, 57, 187, 342, 335, 81, 276, 343, 312, 372, 335, 142, 161, 59, 151, 596, 79, 299, 94, 29, 348, 60, 387, 114, 507, 82, 165, 93, 206, 79, 96, 414, 80, 285, 490, 798, 185, 136, 172, 515, 248, 38, 371, 234, 98, 1055, 308, 81, 364, 45",0.219972232526508,"information"
"89","weaver_social_projection_bipartite_unweighted_19","161",0.31056278775838,0.425207756232687,0.5,0.634615384615385,0.243589743589744,2.62820512820513,13,0.379845278924327,"145, 211, 275, 318, 323, 260, 302, 292, 185, 235, 172, 74, 405, 339, 144, 176, 272, 219, 290, 202, 286, 263, 213, 327, 274, 212, 212, 313, 233, 407, 258, 115, 276, 321, 247, 269, 283, 275, 154, 288, 213, 144, 291, 359, 121, 327, 265, 286, 376, 281","192, 57, 187, 342, 335, 81, 276, 343, 312, 372, 335, 142, 161, 59, 151, 596, 79, 299, 94, 29, 348, 60, 387, 114, 507, 82, 165, 93, 206, 79, 96, 414, 80, 285, 490, 798, 185, 136, 172, 515, 248, 38, 371, 234, 98, 1055, 308, 81, 364, 45",0.219972232526508,"information"
"90","weaver_social_projection_bipartite_unweighted_19","785",0.31056278775838,0.425207756232687,0.5,0.634615384615385,0.243589743589744,2.62820512820513,13,0.379845278924327,"145, 211, 275, 318, 323, 260, 302, 292, 185, 235, 172, 74, 405, 339, 144, 176, 272, 219, 290, 202, 286, 263, 213, 327, 274, 212, 212, 313, 233, 407, 258, 115, 276, 321, 247, 269, 283, 275, 154, 288, 213, 144, 291, 359, 121, 327, 265, 286, 376, 281","192, 57, 187, 342, 335, 81, 276, 343, 312, 372, 335, 142, 161, 59, 151, 596, 79, 299, 94, 29, 348, 60, 387, 114, 507, 82, 165, 93, 206, 79, 96, 414, 80, 285, 490, 798, 185, 136, 172, 515, 248, 38, 371, 234, 98, 1055, 308, 81, 364, 45",0.219972232526508,"information"
"91","weaver_social_projection_bipartite_unweighted_19","449",0.31056278775838,0.425207756232687,0.5,0.634615384615385,0.243589743589744,2.62820512820513,13,0.379845278924327,"145, 211, 275, 318, 323, 260, 302, 292, 185, 235, 172, 74, 405, 339, 144, 176, 272, 219, 290, 202, 286, 263, 213, 327, 274, 212, 212, 313, 233, 407, 258, 115, 276, 321, 247, 269, 283, 275, 154, 288, 213, 144, 291, 359, 121, 327, 265, 286, 376, 281","192, 57, 187, 342, 335, 81, 276, 343, 312, 372, 335, 142, 161, 59, 151, 596, 79, 299, 94, 29, 348, 60, 387, 114, 507, 82, 165, 93, 206, 79, 96, 414, 80, 285, 490, 798, 185, 136, 172, 515, 248, 38, 371, 234, 98, 1055, 308, 81, 364, 45",0.219972232526508,"information"
"92","weaver_social_projection_bipartite_unweighted_19","883",0.31056278775838,0.425207756232687,0.5,0.634615384615385,0.243589743589744,2.62820512820513,13,0.379845278924327,"145, 211, 275, 318, 323, 260, 302, 292, 185, 235, 172, 74, 405, 339, 144, 176, 272, 219, 290, 202, 286, 263, 213, 327, 274, 212, 212, 313, 233, 407, 258, 115, 276, 321, 247, 269, 283, 275, 154, 288, 213, 144, 291, 359, 121, 327, 265, 286, 376, 281","192, 57, 187, 342, 335, 81, 276, 343, 312, 372, 335, 142, 161, 59, 151, 596, 79, 299, 94, 29, 348, 60, 387, 114, 507, 82, 165, 93, 206, 79, 96, 414, 80, 285, 490, 798, 185, 136, 172, 515, 248, 38, 371, 234, 98, 1055, 308, 81, 364, 45",0.219972232526508,"information"
"93","weaver_social_projection_bipartite_unweighted_19","1472",0.31056278775838,0.425207756232687,0.5,0.634615384615385,0.243589743589744,2.62820512820513,13,0.379845278924327,"145, 211, 275, 318, 323, 260, 302, 292, 185, 235, 172, 74, 405, 339, 144, 176, 272, 219, 290, 202, 286, 263, 213, 327, 274, 212, 212, 313, 233, 407, 258, 115, 276, 321, 247, 269, 283, 275, 154, 288, 213, 144, 291, 359, 121, 327, 265, 286, 376, 281","192, 57, 187, 342, 335, 81, 276, 343, 312, 372, 335, 142, 161, 59, 151, 596, 79, 299, 94, 29, 348, 60, 387, 114, 507, 82, 165, 93, 206, 79, 96, 414, 80, 285, 490, 798, 185, 136, 172, 515, 248, 38, 371, 234, 98, 1055, 308, 81, 364, 45",0.219972232526508,"information"
"94","weaver_social_projection_bipartite_unweighted_19","144",0.31056278775838,0.425207756232687,0.5,0.634615384615385,0.243589743589744,2.62820512820513,13,0.379845278924327,"145, 211, 275, 318, 323, 260, 302, 292, 185, 235, 172, 74, 405, 339, 144, 176, 272, 219, 290, 202, 286, 263, 213, 327, 274, 212, 212, 313, 233, 407, 258, 115, 276, 321, 247, 269, 283, 275, 154, 288, 213, 144, 291, 359, 121, 327, 265, 286, 376, 281","192, 57, 187, 342, 335, 81, 276, 343, 312, 372, 335, 142, 161, 59, 151, 596, 79, 299, 94, 29, 348, 60, 387, 114, 507, 82, 165, 93, 206, 79, 96, 414, 80, 285, 490, 798, 185, 136, 172, 515, 248, 38, 371, 234, 98, 1055, 308, 81, 364, 45",0.219972232526508,"information"
"95","weaver_social_projection_bipartite_unweighted_19","850",0.31056278775838,0.425207756232687,0.5,0.634615384615385,0.243589743589744,2.62820512820513,13,0.379845278924327,"145, 211, 275, 318, 323, 260, 302, 292, 185, 235, 172, 74, 405, 339, 144, 176, 272, 219, 290, 202, 286, 263, 213, 327, 274, 212, 212, 313, 233, 407, 258, 115, 276, 321, 247, 269, 283, 275, 154, 288, 213, 144, 291, 359, 121, 327, 265, 286, 376, 281","192, 57, 187, 342, 335, 81, 276, 343, 312, 372, 335, 142, 161, 59, 151, 596, 79, 299, 94, 29, 348, 60, 387, 114, 507, 82, 165, 93, 206, 79, 96, 414, 80, 285, 490, 798, 185, 136, 172, 515, 248, 38, 371, 234, 98, 1055, 308, 81, 364, 45",0.219972232526508,"information"
"96","weaver_social_projection_bipartite_unweighted_19","1432",0.31056278775838,0.425207756232687,0.5,0.634615384615385,0.243589743589744,2.62820512820513,13,0.379845278924327,"145, 211, 275, 318, 323, 260, 302, 292, 185, 235, 172, 74, 405, 339, 144, 176, 272, 219, 290, 202, 286, 263, 213, 327, 274, 212, 212, 313, 233, 407, 258, 115, 276, 321, 247, 269, 283, 275, 154, 288, 213, 144, 291, 359, 121, 327, 265, 286, 376, 281","192, 57, 187, 342, 335, 81, 276, 343, 312, 372, 335, 142, 161, 59, 151, 596, 79, 299, 94, 29, 348, 60, 387, 114, 507, 82, 165, 93, 206, 79, 96, 414, 80, 285, 490, 798, 185, 136, 172, 515, 248, 38, 371, 234, 98, 1055, 308, 81, 364, 45",0.219972232526508,"information"
"97","weaver_social_projection_bipartite_unweighted_19","1015",0.31056278775838,0.425207756232687,0.5,0.634615384615385,0.243589743589744,2.62820512820513,13,0.379845278924327,"145, 211, 275, 318, 323, 260, 302, 292, 185, 235, 172, 74, 405, 339, 144, 176, 272, 219, 290, 202, 286, 263, 213, 327, 274, 212, 212, 313, 233, 407, 258, 115, 276, 321, 247, 269, 283, 275, 154, 288, 213, 144, 291, 359, 121, 327, 265, 286, 376, 281","192, 57, 187, 342, 335, 81, 276, 343, 312, 372, 335, 142, 161, 59, 151, 596, 79, 299, 94, 29, 348, 60, 387, 114, 507, 82, 165, 93, 206, 79, 96, 414, 80, 285, 490, 798, 185, 136, 172, 515, 248, 38, 371, 234, 98, 1055, 308, 81, 364, 45",0.219972232526508,"information"
"98","weaver_social_projection_bipartite_unweighted_19","814",0.31056278775838,0.425207756232687,0.5,0.634615384615385,0.243589743589744,2.62820512820513,13,0.379845278924327,"145, 211, 275, 318, 323, 260, 302, 292, 185, 235, 172, 74, 405, 339, 144, 176, 272, 219, 290, 202, 286, 263, 213, 327, 274, 212, 212, 313, 233, 407, 258, 115, 276, 321, 247, 269, 283, 275, 154, 288, 213, 144, 291, 359, 121, 327, 265, 286, 376, 281","192, 57, 187, 342, 335, 81, 276, 343, 312, 372, 335, 142, 161, 59, 151, 596, 79, 299, 94, 29, 348, 60, 387, 114, 507, 82, 165, 93, 206, 79, 96, 414, 80, 285, 490, 798, 185, 136, 172, 515, 248, 38, 371, 234, 98, 1055, 308, 81, 364, 45",0.219972232526508,"information"
"99","weaver_social_projection_bipartite_unweighted_19","747",0.31056278775838,0.425207756232687,0.5,0.634615384615385,0.243589743589744,2.62820512820513,13,0.379845278924327,"145, 211, 275, 318, 323, 260, 302, 292, 185, 235, 172, 74, 405, 339, 144, 176, 272, 219, 290, 202, 286, 263, 213, 327, 274, 212, 212, 313, 233, 407, 258, 115, 276, 321, 247, 269, 283, 275, 154, 288, 213, 144, 291, 359, 121, 327, 265, 286, 376, 281","192, 57, 187, 342, 335, 81, 276, 343, 312, 372, 335, 142, 161, 59, 151, 596, 79, 299, 94, 29, 348, 60, 387, 114, 507, 82, 165, 93, 206, 79, 96, 414, 80, 285, 490, 798, 185, 136, 172, 515, 248, 38, 371, 234, 98, 1055, 308, 81, 364, 45",0.219972232526508,"information"
"100","weaver_social_projection_bipartite_unweighted_19","342",0.31056278775838,0.425207756232687,0.5,0.634615384615385,0.243589743589744,2.62820512820513,13,0.379845278924327,"145, 211, 275, 318, 323, 260, 302, 292, 185, 235, 172, 74, 405, 339, 144, 176, 272, 219, 290, 202, 286, 263, 213, 327, 274, 212, 212, 313, 233, 407, 258, 115, 276, 321, 247, 269, 283, 275, 154, 288, 213, 144, 291, 359, 121, 327, 265, 286, 376, 281","192, 57, 187, 342, 335, 81, 276, 343, 312, 372, 335, 142, 161, 59, 151, 596, 79, 299, 94, 29, 348, 60, 387, 114, 507, 82, 165, 93, 206, 79, 96, 414, 80, 285, 490, 798, 185, 136, 172, 515, 248, 38, 371, 234, 98, 1055, 308, 81, 364, 45",0.219972232526508,"information"
